name,batch,File.Name,Site,Sex,Age,Modified Mankin Score,BMI,ANALGESICS PREOP,OTHER MEDICATIONS,Preop Oxford KS (0-48),Preop Pain VAS (0-100),KOOS Pain (0-100)
MRI001,7,DUNN_MRI001_1_TGACCAAT-TCTTTCCC_L002_R1_001.fastq.gz,PLC,M,55,7,,,,,,
MRI001,7,DUNN_MRI001_1_TGACCAAT-TCTTTCCC_L002_R2_001.fastq.gz,PLC,M,55,7,,,,,,
MRI002,7,DUNN_MRI002_1_GCCAATAT-TCTTTCCC_L002_R1_001.fastq.gz,PLC,M,75,9,,,,,,
MRI002,7,DUNN_MRI002_1_GCCAATAT-TCTTTCCC_L002_R2_001.fastq.gz,PLC,M,75,9,,,,,,
MRI003,8,DUNN_MRI003_1_CGATGTAT_L004_R1_001.fastq.gz,PLC,M,67,7,,,,,,
MRI003,8,DUNN_MRI003_1_CGATGTAT_L004_R2_001.fastq.gz,PLC,M,67,7,,,,,,
MRI004,8,DUNN_MRI004_1_ACAGTGAT_L004_R2_001.fastq.gz,PLC,M,57,3,,,,,,
MRI004,8,DUNN_MRI004_1_ACAGTGAT_L004_R1_001.fastq.gz,PLC,M,57,3,,,,,,
MRI005,9,DUNN_MRI005_1_CAGATC_L006_R2_001.fastq.gz,PLC,M,72,9,,,,,,
MRI005,9,DUNN_MRI005_1_CAGATC_L006_R1_001.fastq.gz,PLC,M,72,9,,,,,,
MRI006,11,DUNN_MRI006-1_S31_L006_R1_001.fastq.gz,PLC,F,86,8,,,,,,
MRI006,11,DUNN_MRI006-1_S31_L006_R2_001.fastq.gz,PLC,F,86,8,,,,,,
MRI007,11,DUNN_MRI007-1_S33_L006_R2_001.fastq.gz,PLC,M,57,9,,,,,,
MRI007,11,DUNN_MRI007-1_S33_L006_R1_001.fastq.gz,PLC,M,57,9,,,,,,
MRI008,12,DUNN_MRI0081_S143_R2_001.fastq.gz,PLC,M,57,9,,,,,,
MRI008,12,DUNN_MRI0081_S143_R1_001.fastq.gz,PLC,M,57,9,,,,,,
MRI009,13,DUNN_MRI009_1_S16_R1_001.fastq.gz,PLC,M,57,10,,,,,,
MRI009,13,DUNN_MRI009_1_S16_R2_001.fastq.gz,PLC,M,57,10,,,,,,
RJ001,9,DUNN_RJ001_1_AGTCAA_L006_R1_001.fastq.gz,PLC,M,57,8,,,,,,
RJ001,9,DUNN_RJ001_1_AGTCAA_L006_R2_001.fastq.gz,PLC,M,57,8,,,,,,
SH001,1,DUNN_SD1-SH001-4-A_R1.fastq.gz,PLC,M,65,9,26,COCODAMOL,LISINOPRIL,18,85,
SH001,1,DUNN_SD1-SH001-4-A_R2.fastq.gz,PLC,M,65,9,26,COCODAMOL,LISINOPRIL,18,85,
SH001,1,DUNN_SD2-SH001-4-B_R1.fastq.gz,PLC,M,65,9,26,COCODAMOL,LISINOPRIL,18,85,
SH001,1,DUNN_SD2-SH001-4-B_R2.fastq.gz,PLC,M,65,9,26,COCODAMOL,LISINOPRIL,18,85,
SH002,2,DUNN_SH002_R1.fastq.gz,PLC,M,69,11,35,NAPROXEN,"LISINOPRIL, LANSOPRAZOLE",24,77,53
SH002,2,DUNN_SH002_R2.fastq.gz,PLC,M,69,11,35,NAPROXEN,"LISINOPRIL, LANSOPRAZOLE",24,77,53
SH003,2,DUNN_SH003_R1.fastq.gz,PLC,F,71,19,25,"ASPIRIN, PARACETAMOL, COD LIVER OIL","ALENDRONATE, VIT D",18,80,81
SH003,2,DUNN_SH003_R2.fastq.gz,PLC,F,71,19,25,"ASPIRIN, PARACETAMOL, COD LIVER OIL","ALENDRONATE, VIT D",18,80,81
SH004,3,DUNN_SD7_SH012-1_L008_R2.fastq.gz,PLC,F,70,5,40,"COCODAMOL, ASPIRIN","THYROXINE, RAMIPRIL, ATORVASTATIN, BENDROFLUAZIDE",15,90,97
SH004,3,DUNN_SD7_SH012-1_L007_R1.fastq.gz,PLC,F,70,5,40,"COCODAMOL, ASPIRIN","THYROXINE, RAMIPRIL, ATORVASTATIN, BENDROFLUAZIDE",15,90,97
SH004,3,DUNN_SD7_SH012-1_L007_R2.fastq.gz,PLC,F,70,5,40,"COCODAMOL, ASPIRIN","THYROXINE, RAMIPRIL, ATORVASTATIN, BENDROFLUAZIDE",15,90,97
SH004,3,DUNN_SD7_SH012-1_L008_R1.fastq.gz,PLC,F,70,5,40,"COCODAMOL, ASPIRIN","THYROXINE, RAMIPRIL, ATORVASTATIN, BENDROFLUAZIDE",15,90,97
SH005,3,DUNN_SD4_SH005-1_L007_R1.fastq.gz,PLC,M,82,6,27,NIL,,,,
SH005,3,DUNN_SD4_SH005-1_L007_R2.fastq.gz,PLC,M,82,6,27,NIL,,,,
SH005,3,DUNN_SD4_SH005-1_L008_R1.fastq.gz,PLC,M,82,6,27,NIL,,,,
SH005,3,DUNN_SD4_SH005-1_L008_R2.fastq.gz,PLC,M,82,6,27,NIL,,,,
SH006,3,DUNN_SD5_SH006-1_L007_R1.fastq.gz,PLC,F,65,7,24,COCODAMOL,"LISINOPRIL, DOXAZOSIN",,,
SH006,3,DUNN_SD5_SH006-1_L007_R2.fastq.gz,PLC,F,65,7,24,COCODAMOL,"LISINOPRIL, DOXAZOSIN",,,
SH006,3,DUNN_SD5_SH006-1_L008_R1.fastq.gz,PLC,F,65,7,24,COCODAMOL,"LISINOPRIL, DOXAZOSIN",,,
SH006,3,DUNN_SD5_SH006-1_L008_R2.fastq.gz,PLC,F,65,7,24,COCODAMOL,"LISINOPRIL, DOXAZOSIN",,,
SH007,3,DUNN_SD6_SH007-1_L007_R2.fastq.gz,PLC,F,68,8,39,ASPIRIN ,"FRUSEMIDE, CANDESARTAN, BISOPROLOL",13,75,
SH007,3,DUNN_SD6_SH007-1_L008_R1.fastq.gz,PLC,F,68,8,39,ASPIRIN ,"FRUSEMIDE, CANDESARTAN, BISOPROLOL",13,75,
SH007,3,DUNN_SD6_SH007-1_L008_R2.fastq.gz,PLC,F,68,8,39,ASPIRIN ,"FRUSEMIDE, CANDESARTAN, BISOPROLOL",13,75,
SH007,3,DUNN_SD6_SH007-1_L007_R1.fastq.gz,PLC,F,68,8,39,ASPIRIN ,"FRUSEMIDE, CANDESARTAN, BISOPROLOL",13,75,
SH008,5,DUNN_SD_SH008-1_R1.fastq.gz,PLC,M,76,7.5,32,"VOLTAROL, OMEGA 3 FA, GLUCOSAMINE",THYROXINE  ,16,92,100
SH008,5,DUNN_SD_SH008-1_R2.fastq.gz,PLC,M,76,7.5,32,"VOLTAROL, OMEGA 3 FA, GLUCOSAMINE",THYROXINE  ,16,92,100
SH009,5,DUNN_SD_SH009-1_R1.fastq.gz,PLC,M,67,8,32,COCODAMOL,,10,99,81
SH009,5,DUNN_SD_SH009-1_R2.fastq.gz,PLC,M,67,8,32,COCODAMOL,,10,99,81
SH011,5,DUNN_SD_SH011-1_R2.fastq.gz,PLC,F,79,9.5,34,NIL,,11,90,69
SH011,5,DUNN_SD_SH011-1_R1.fastq.gz,PLC,F,79,9.5,34,NIL,,11,90,69
SH012,5,DUNN_SD_SH012-1_R1.fastq.gz,PLC,F,81,9.5,30,NIL,,12,66,50
SH012,5,DUNN_SD_SH012-1_R2.fastq.gz,PLC,F,81,9.5,30,NIL,,12,66,50
SH013,5,DUNN_SD_SH013-1_R1.fastq.gz,PLC,F,81,8,32,PARACETAMOL ,"ADALAT, ATENOLOL, nifedipine, thyroxine",24,94,31
SH013,5,DUNN_SD_SH013-1_R2.fastq.gz,PLC,F,81,8,32,PARACETAMOL ,"ADALAT, ATENOLOL, nifedipine, thyroxine",24,94,31
SH017,5,DUNN_SD_SH017-1_R1.fastq.gz,PLC,F,72,18,33,COCODAMOL,"STATIN, METFORMIN, GLIBENCLAMIDE",5,80,100
SH017,5,DUNN_SD_SH017-1_R2.fastq.gz,PLC,F,72,18,33,COCODAMOL,"STATIN, METFORMIN, GLIBENCLAMIDE",5,80,100
SH018,4,DUNN_SH018-1_GCCAAT_L003_R2_001.fastq.gz,PLC,M,75,7.5,31,"COCODAMOL, IBUPROFEN","METFORMIN, SIMVASTATIN",17,70,64
SH018,4,DUNN_SH018-1_GCCAAT_L003_R1_001.fastq.gz,PLC,M,75,7.5,31,"COCODAMOL, IBUPROFEN","METFORMIN, SIMVASTATIN",17,70,64
SH019,4,DUNN_SH019-1_CTTGTA_L003_R1_001.fastq.gz,PLC,M,66,11,26,COCODAMOL,LISINOPRIL,18,85,
SH019,4,DUNN_SH019-1_CTTGTA_L003_R2_001.fastq.gz,PLC,M,66,11,26,COCODAMOL,LISINOPRIL,18,85,
SH020,4,DUNN_SH020-1_GTGAAA_L003_R1_001.fastq.gz,PLC,F,63,10,40,NAPROXEN,,16,85,61
SH020,4,DUNN_SH020-1_GTGAAA_L003_R2_001.fastq.gz,PLC,F,63,10,40,NAPROXEN,,16,85,61
SH023,6,DUNN_SH023-1_GCCAATAT-TCTTTCCC_L005_R1_001.fastq.gz,PLC,F,72,7.5,29,"PARACETAMOL, CODEINE","CLOPIDOGREL, SIMVASTATIN, AMLODIPINE",17,,58
SH023,6,DUNN_SH023-1_GCCAATAT-TCTTTCCC_L005_R2_001.fastq.gz,PLC,F,72,7.5,29,"PARACETAMOL, CODEINE","CLOPIDOGREL, SIMVASTATIN, AMLODIPINE",17,,58
SH024,6,DUNN_SH024-1_CTTGTAAT-TCTTTCCC_L005_R1_001.fastq.gz,PLC,F,67,11.5,25,"COCODAMOL, IBUPROFEN","THYROXINE, AMITRYPTILLINE, LANSOPRAZOLE",25,85,69
SH024,6,DUNN_SH024-1_CTTGTAAT-TCTTTCCC_L005_R2_001.fastq.gz,PLC,F,67,11.5,25,"COCODAMOL, IBUPROFEN","THYROXINE, AMITRYPTILLINE, LANSOPRAZOLE",25,85,69
SH025,6,DUNN_SH025-1_AGTCAACA-TCTTTCCC_L005_R1_001.fastq.gz,PLC,F,76,8.5,32,"PARACETAMOL, IBUPROFEN, CODEINE","AMLODIPINE, ADCAL D3, PERANDOPRIL",,,
SH025,6,DUNN_SH025-1_AGTCAACA-TCTTTCCC_L005_R2_001.fastq.gz,PLC,F,76,8.5,32,"PARACETAMOL, IBUPROFEN, CODEINE","AMLODIPINE, ADCAL D3, PERANDOPRIL",,,
SH026,6,DUNN_SH026-1_ATGTCAGA-TCTTTCCC_L005_R1_001.fastq.gz,PLC,M,67,13,29,"COCODAMOL, NAPROXEN","SIMVASTATIN, AMLODIPINE, LISINOPRIL, TAMSULOSIN",16,90,72
SH026,6,DUNN_SH026-1_ATGTCAGA-TCTTTCCC_L005_R2_001.fastq.gz,PLC,M,67,13,29,"COCODAMOL, NAPROXEN","SIMVASTATIN, AMLODIPINE, LISINOPRIL, TAMSULOSIN",16,90,72
SH028,6,DUNN_SH028-1_ACAGTGAT-TCTTTCCC_L005_R1_001.fastq.gz,PLC,F,74,8.5,38,"PARACETAMOL, IBUPROFEN","THYROXINE, BENDROFLUAZIDE, SIMVASTATIN",24,93,44
SH028,6,DUNN_SH028-1_ACAGTGAT-TCTTTCCC_L005_R2_001.fastq.gz,PLC,F,74,8.5,38,"PARACETAMOL, IBUPROFEN","THYROXINE, BENDROFLUAZIDE, SIMVASTATIN",24,93,44
SH029,6,DUNN_SH029-1_CAGATCAT-TCTTTCCC_L005_R1_001.fastq.gz,PLC,F,64,10,24,"PARACETAMOL, NAPROXEN","ALENDRONATE, CALCICHEW",17,,61
SH029,6,DUNN_SH029-1_CAGATCAT-TCTTTCCC_L005_R2_001.fastq.gz,PLC,F,64,10,24,"PARACETAMOL, NAPROXEN","ALENDRONATE, CALCICHEW",17,,61
SH031,6,DUNN_SH031-1_GTCCGCAC-TCTTTCCC_L005_R1_001.fastq.gz,PLC,F,66,11,40,"PARACETAMOL, CODEINE, CLOPIDOGREL , CANDESARTAN, SIMVASTATIN, CITALOPRAM",,14,90,61
SH031,6,DUNN_SH031-1_GTCCGCAC-TCTTTCCC_L005_R2_001.fastq.gz,PLC,F,66,11,40,"PARACETAMOL, CODEINE, CLOPIDOGREL , CANDESARTAN, SIMVASTATIN, CITALOPRAM",,14,90,61
SH032,6,DUNN_SH032-1_GTGAAACG-TCTTTCCC_L005_R1_001.fastq.gz,PLC,M,68,9.5,30,COCODAMOL,"METFORMIN, PROPANOLOL, PRAVASTATIN,  AMLODIPINE, CANDESARTAN, LANSOPRAZOLE",20,91,44
SH032,6,DUNN_SH032-1_GTGAAACG-TCTTTCCC_L005_R2_001.fastq.gz,PLC,M,68,9.5,30,COCODAMOL,"METFORMIN, PROPANOLOL, PRAVASTATIN,  AMLODIPINE, CANDESARTAN, LANSOPRAZOLE",20,91,44
SH035,7,DUNN_SH035_1_CGATGTAT-TCTTTCCC_L002_R1_001.fastq.gz,PLC,M,79,9.5,25,"PARACETAMOL, IBUPROFEN",LANSOPRAZOLE,25,80,44
SH035,7,DUNN_SH035_1_CGATGTAT-TCTTTCCC_L002_R2_001.fastq.gz,PLC,M,79,9.5,25,"PARACETAMOL, IBUPROFEN",LANSOPRAZOLE,25,80,44
SH037,7,DUNN_SH037_1_CTTGTAAT-TCTTTCCC_L002_R1_001.fastq.gz,PLC,M,77,10,37,COCODAMOL,"ENALAPRIL, ATENOLOL",27,,61
SH037,7,DUNN_SH037_1_CTTGTAAT-TCTTTCCC_L002_R2_001.fastq.gz,PLC,M,77,10,37,COCODAMOL,"ENALAPRIL, ATENOLOL",27,,61
SH038,7,DUNN_SH038_1_AGTCAACA-TCTTTCCC_L002_R1_001.fastq.gz,PLC,M,82,8.5,33,,,15,92,89
SH038,7,DUNN_SH038_1_AGTCAACA-TCTTTCCC_L002_R2_001.fastq.gz,PLC,M,82,8.5,33,,,15,92,89
SH039,7,DUNN_SH039_1_AGTTCCGT-TCTTTCCC_L002_R1_001.fastq.gz,PLC,F,75,9.5,35,,,,,
SH039,7,DUNN_SH039_1_AGTTCCGT-TCTTTCCC_L002_R2_001.fastq.gz,PLC,F,75,9.5,35,,,,,
SH040,8,DUNN_SH040_1_CAGATCAT_L004_R2_001.fastq.gz,PLC,F,76,7.5,27,,,18,85,56
SH040,8,DUNN_SH040_1_CAGATCAT_L004_R1_001.fastq.gz,PLC,F,76,7.5,27,,,18,85,56
SH041,8,DUNN_SH041_1_CTTGTAAT_L004_R1_001.fastq.gz,PLC,M,63,12,30,"CODEINE, PARACETAMOL",,15,95,78
SH041,8,DUNN_SH041_1_CTTGTAAT_L004_R2_001.fastq.gz,PLC,M,63,12,30,"CODEINE, PARACETAMOL",,15,95,78
SH043,8,DUNN_SH043_1_AGTCAACA_L004_R2_001.fastq.gz,PLC,M,68,7,38,PARACETAMOL,"STATIN, BENDROFLUAZIDE, THYROXINE",,,38
SH043,8,DUNN_SH043_1_AGTCAACA_L004_R1_001.fastq.gz,PLC,M,68,7,38,PARACETAMOL,"STATIN, BENDROFLUAZIDE, THYROXINE",,,38
SH045,8,DUNN_SH045_1_AGTTCCGT_L004_R1_001.fastq.gz,PLC,F,78,9.5,36,"PARACETAMOL, CODEINE","ATENOLOL, RAMIPRIL, LANSOPRAZOLE",9,,94
SH045,8,DUNN_SH045_1_AGTTCCGT_L004_R2_001.fastq.gz,PLC,F,78,9.5,36,"PARACETAMOL, CODEINE","ATENOLOL, RAMIPRIL, LANSOPRAZOLE",9,,94
SH046,9,DUNN_SH046_1_CGATGT_L006_R2_001.fastq.gz,PLC,M,63,7,28,,,12,98,86
SH046,9,DUNN_SH046_1_CGATGT_L006_R1_001.fastq.gz,PLC,M,63,7,28,,,12,98,86
SH047,9,DUNN_SH047_1_TGACCA_L006_R1_001.fastq.gz,PLC,F,82,7.5,29,IBUPROFEN,"AMLODIPINE, GLICLAZIDE, SIMVASTATIN",21,93,58
SH047,9,DUNN_SH047_1_TGACCA_L006_R2_001.fastq.gz,PLC,F,82,7.5,29,IBUPROFEN,"AMLODIPINE, GLICLAZIDE, SIMVASTATIN",21,93,58
SH048,9,DUNN_SH048_1_ACAGTG_L006_R1_001.fastq.gz,PLC,M,63,8.5,39,"PARACETAMOL, IBUPROFEN",,19,93,58
SH048,9,DUNN_SH048_1_ACAGTG_L006_R2_001.fastq.gz,PLC,M,63,8.5,39,"PARACETAMOL, IBUPROFEN",,19,93,58
SH049,9,DUNN_SH049_1_GCCAAT_L006_R1_001.fastq.gz,PLC,M,75,8,30,COCODAMOL,"ATENOLOL, ALLOPURINOL, ASPIRIN, METFORMIN, ATORVASTATIN",19,80,61
SH049,9,DUNN_SH049_1_GCCAAT_L006_R2_001.fastq.gz,PLC,M,75,8,30,COCODAMOL,"ATENOLOL, ALLOPURINOL, ASPIRIN, METFORMIN, ATORVASTATIN",19,80,61
SH051,10,DUNN_SH051-1_CGATGT_L008_R2_001.fastq.gz,PLC,F,70,10.5,34,PARACETAMOL,"AMLODIPINE, LANSOPRAZOLE",15,90,75
SH051,10,DUNN_SH051-1_CGATGT_L008_R1_001.fastq.gz,PLC,F,70,10.5,34,PARACETAMOL,"AMLODIPINE, LANSOPRAZOLE",15,90,75
SH052,10,DUNN_SH052-1_TGACCA_L008_R1_001.fastq.gz,PLC,F,72,4.5,30,"PARACETAMOL, CODEINE",ENALAPRIL,25,65,53
SH052,10,DUNN_SH052-1_TGACCA_L008_R2_001.fastq.gz,PLC,F,72,4.5,30,"PARACETAMOL, CODEINE",ENALAPRIL,25,65,53
SH053,10,DUNN_SH053-1_ACAGTG_L008_R2_001.fastq.gz,PLC,F,64,8.5,34,,"ATENOLOL, LISINOPRIL",15,86,83
SH053,10,DUNN_SH053-1_ACAGTG_L008_R1_001.fastq.gz,PLC,F,64,8.5,34,,"ATENOLOL, LISINOPRIL",15,86,83
SH054,10,DUNN_SH054-1_GCCAAT_L008_R1_001.fastq.gz,PLC,M,69,6.5,29,TRAMADOL,"LANSOPRAZOLE, SIMVASTATIN",33,60,39
SH054,10,DUNN_SH054-1_GCCAAT_L008_R2_001.fastq.gz,PLC,M,69,6.5,29,TRAMADOL,"LANSOPRAZOLE, SIMVASTATIN",33,60,39
SH055,10,DUNN_SH055-1_CAGATC_L008_R1_001.fastq.gz,PLC,F,70,7,30,PARACETAMOL,"CLOPIDOGREL, ATORVASTATIN",25,81,58
SH055,10,DUNN_SH055-1_CAGATC_L008_R2_001.fastq.gz,PLC,F,70,7,30,PARACETAMOL,"CLOPIDOGREL, ATORVASTATIN",25,81,58
SH057,10,DUNN_SH057-1_CCGTCC_L008_R1_001.fastq.gz,PLC,M,69,10,34,"COCODAMOL, IBUPROFEN","AMLODIPINE, METFORMIN, ATORVASTATIN",17,94,56
SH057,10,DUNN_SH057-1_CCGTCC_L008_R2_001.fastq.gz,PLC,M,69,10,34,"COCODAMOL, IBUPROFEN","AMLODIPINE, METFORMIN, ATORVASTATIN",17,94,56
SH059,10,DUNN_SH059-1_GTCCGC_L008_R2_001.fastq.gz,PLC,M,85,13,26,COCODAMOL,"ATENOLOL, ",,,
SH059,10,DUNN_SH059-1_GTCCGC_L008_R1_001.fastq.gz,PLC,M,85,13,26,COCODAMOL,"ATENOLOL, ",,,
SH060,10,DUNN_SH060-1_GTGAAA_L008_R2_001.fastq.gz,PLC,M,78,10.5,26,COCODAMOL,,15,91,67
SH060,10,DUNN_SH060-1_GTGAAA_L008_R1_001.fastq.gz,PLC,M,78,10.5,26,COCODAMOL,,15,91,67
SH063,11,DUNN_SH063-1_S27_L006_R1_001.fastq.gz,PLC,M,73,10,33,COCODAMOL,"BISOPROLOL, ASPIRIN, RAMIPRIL, SIMVASTATIN, OMEPRAZOLE",,,
SH063,11,DUNN_SH063-1_S27_L006_R2_001.fastq.gz,PLC,M,73,10,33,COCODAMOL,"BISOPROLOL, ASPIRIN, RAMIPRIL, SIMVASTATIN, OMEPRAZOLE",,,
SH064,11,DUNN_SH064-1_S28_L006_R2_001.fastq.gz,PLC,M,76,8,30,"COCODAMOL, IBUPROFEN","METFORMIN, SIMVASTATIN",22,80,53
SH064,11,DUNN_SH064-1_S28_L006_R1_001.fastq.gz,PLC,M,76,8,30,"COCODAMOL, IBUPROFEN","METFORMIN, SIMVASTATIN",22,80,53
SH065,11,DUNN_SH065-1_S29_L006_R1_001.fastq.gz,PLC,M,81,10,24,"PARACETAMOL, IBUPROFEN",ZOLIDEX,,80,24
SH065,11,DUNN_SH065-1_S29_L006_R2_001.fastq.gz,PLC,M,81,10,24,"PARACETAMOL, IBUPROFEN",ZOLIDEX,,80,24
SH066,11,DUNN_SH066-1_S30_L006_R2_001.fastq.gz,PLC,M,69,11,28,COCODAMOL,"METFORMIN, PRAVASTATIN, LANSOPRAZOLE, RAMIPRIL",18,75,61
SH066,11,DUNN_SH066-1_S30_L006_R1_001.fastq.gz,PLC,M,69,11,28,COCODAMOL,"METFORMIN, PRAVASTATIN, LANSOPRAZOLE, RAMIPRIL",18,75,61
SH070,12,DUNN_SH0701_S137_R2_001.fastq.gz,PLC,M,70,8,,,,,,
SH070,12,DUNN_SH0701_S137_R1_001.fastq.gz,PLC,M,70,8,,,,,,
SH071,12,DUNN_SH0711_S138_R2_001.fastq.gz,PLC,F,63,9,,,,,,
SH071,12,DUNN_SH0711_S138_R1_001.fastq.gz,PLC,F,63,9,,,,,,
SH074,12,DUNN_SH0741_S139_R2_001.fastq.gz,PLC,M,74,10,,,,,,
SH074,12,DUNN_SH0741_S139_R1_001.fastq.gz,PLC,M,74,10,,,,,,
SH075,12,DUNN_SH0751_S140_R1_001.fastq.gz,PLC,F,65,16,,,,,,
SH075,12,DUNN_SH0751_S140_R2_001.fastq.gz,PLC,F,65,16,,,,,,
SH076,12,DUNN_SH0761_S141_R1_001.fastq.gz,PLC,M,64,11,,,,,,
SH076,12,DUNN_SH0761_S141_R2_001.fastq.gz,PLC,M,64,11,,,,,,
SH077,12,DUNN_SH0771_S142_R1_001.fastq.gz,PLC,M,74,11,,,,,,
SH077,12,DUNN_SH0771_S142_R2_001.fastq.gz,PLC,M,74,11,,,,,,
SH079,13,DUNN_SH079_1_S10_R2_001.fastq.gz,PLC,M,72,13,,,,,,
SH079,13,DUNN_SH079_1_S10_R1_001.fastq.gz,PLC,M,72,13,,,,,,
SH080,13,DUNN_SH080_1_S11_R1_001.fastq.gz,PLC,F,79,17,,,,,,
SH080,13,DUNN_SH080_1_S11_R2_001.fastq.gz,PLC,F,79,17,,,,,,
SH081,13,DUNN_SH081_1_S12_R2_001.fastq.gz,PLC,M,75,12,,,,,,
SH081,13,DUNN_SH081_1_S12_R1_001.fastq.gz,PLC,M,75,12,,,,,,
SH082,13,DUNN_SH082_1_S13_R2_001.fastq.gz,PLC,M,76,10,,,,,,
SH082,13,DUNN_SH082_1_S13_R1_001.fastq.gz,PLC,M,76,10,,,,,,
SH084,13,DUNN_SH084_1_S14_R1_001.fastq.gz,PLC,F,68,NA,,,,,,
SH084,13,DUNN_SH084_1_S14_R2_001.fastq.gz,PLC,F,68,NA,,,,,,
SH085,13,DUNN_SH085_1_S15_R2_001.fastq.gz,PLC,M,71,NA,,,,,,
SH085,13,DUNN_SH085_1_S15_R1_001.fastq.gz,PLC,M,71,NA,,,,,,
